{
  "match_id": "2a987a49-351c-497f-9b4a-1b3c809473ac.nakama-0",
  "map_id": "Lockdown",
  "player_count": 1,
  "human_count": 2,
  "bot_count": 0,
  "duration_ms": 1770743051,
  "events": [
    {
      "user_id": "fbf6abaf-0686-4f96-8cda-77071d195268",
      "player_type": "human",
      "event": "BotKill",
      "x": -138.17071533203125,
      "z": 82.38314056396484,
      "y": 56.314613342285156,
      "ts": 1770743010,
      "pixel_x": 370,
      "pixel_y": 427
    },
    {
      "user_id": "fbf6abaf-0686-4f96-8cda-77071d195268",
      "player_type": "human",
      "event": "BotKilled",
      "x": -124.11915588378906,
      "z": 83.223876953125,
      "y": 52.148929595947266,
      "ts": 1770743051,
      "pixel_x": 384,
      "pixel_y": 426
    }
  ]
}