{
  "match_id": "ea3a9098-545f-4c30-b116-5b0d93ed421d.nakama-0",
  "map_id": "Lockdown",
  "player_count": 1,
  "human_count": 4,
  "bot_count": 0,
  "duration_ms": 1770757319,
  "events": [
    {
      "user_id": "b3340cc5-c9fa-4108-b56d-0728bc978a22",
      "player_type": "human",
      "event": "Position",
      "x": -51.875545501708984,
      "z": 228.1300048828125,
      "y": 44.86296081542969,
      "ts": 1770757253,
      "pixel_x": 458,
      "pixel_y": 278
    },
    {
      "user_id": "b3340cc5-c9fa-4108-b56d-0728bc978a22",
      "player_type": "human",
      "event": "Position",
      "x": -54.961021423339844,
      "z": 220.59393310546875,
      "y": 45.3409538269043,
      "ts": 1770757298,
      "pixel_x": 455,
      "pixel_y": 286
    },
    {
      "user_id": "b3340cc5-c9fa-4108-b56d-0728bc978a22",
      "player_type": "human",
      "event": "Position",
      "x": -20.38899803161621,
      "z": 200.6084747314453,
      "y": 44.84526443481445,
      "ts": 1770757313,
      "pixel_x": 491,
      "pixel_y": 306
    },
    {
      "user_id": "b3340cc5-c9fa-4108-b56d-0728bc978a22",
      "player_type": "human",
      "event": "BotKilled",
      "x": -12.254134178161621,
      "z": 199.19973754882812,
      "y": 44.84526443481445,
      "ts": 1770757319,
      "pixel_x": 499,
      "pixel_y": 308
    }
  ]
}