{
  "match_id": "0954f788-ba35-4227-b6d4-a1172dd87d71.nakama-0",
  "map_id": "Lockdown",
  "player_count": 1,
  "human_count": 2,
  "bot_count": 0,
  "duration_ms": 1770739575,
  "events": [
    {
      "user_id": "688cb2e4-2215-4b3b-9af1-a6ee71d17636",
      "player_type": "human",
      "event": "BotKilled",
      "x": -84.4502182006836,
      "z": 89.3493881225586,
      "y": 47.5627555847168,
      "ts": 1770739575,
      "pixel_x": 425,
      "pixel_y": 420
    },
    {
      "user_id": "688cb2e4-2215-4b3b-9af1-a6ee71d17636",
      "player_type": "human",
      "event": "BotKilled",
      "x": -84.4502182006836,
      "z": 89.3493881225586,
      "y": 47.5627555847168,
      "ts": 1770739575,
      "pixel_x": 425,
      "pixel_y": 420
    }
  ]
}