{
  "match_id": "41476bf4-2754-4729-b870-1c2b23584599.nakama-0",
  "map_id": "Lockdown",
  "player_count": 1,
  "human_count": 2,
  "bot_count": 0,
  "duration_ms": 1770891439,
  "events": [
    {
      "user_id": "b3340cc5-c9fa-4108-b56d-0728bc978a22",
      "player_type": "human",
      "event": "BotKilled",
      "x": -111.88868713378906,
      "z": 85.19729614257812,
      "y": 50.112945556640625,
      "ts": 1770891436,
      "pixel_x": 397,
      "pixel_y": 424
    },
    {
      "user_id": "b3340cc5-c9fa-4108-b56d-0728bc978a22",
      "player_type": "human",
      "event": "Position",
      "x": -112.06781768798828,
      "z": 85.19474029541016,
      "y": 50.17618942260742,
      "ts": 1770891439,
      "pixel_x": 397,
      "pixel_y": 424
    }
  ]
}