{
  "match_id": "600cf5ad-2b1e-44b5-b122-5dc54ef2bb06.nakama-0",
  "map_id": "Lockdown",
  "player_count": 1,
  "human_count": 2,
  "bot_count": 0,
  "duration_ms": 1770963312,
  "events": [
    {
      "user_id": "4f1a4ce1-70f6-43a5-bfc7-e446e44ee043",
      "player_type": "human",
      "event": "Position",
      "x": 14.702932357788086,
      "z": 237.80126953125,
      "y": 38.866336822509766,
      "ts": 1770963291,
      "pixel_x": 527,
      "pixel_y": 268
    },
    {
      "user_id": "4f1a4ce1-70f6-43a5-bfc7-e446e44ee043",
      "player_type": "human",
      "event": "BotKilled",
      "x": 6.923486709594727,
      "z": 212.92579650878906,
      "y": 34.806034088134766,
      "ts": 1770963312,
      "pixel_x": 519,
      "pixel_y": 293
    }
  ]
}