{
  "match_id": "a7208030-e41d-40d6-93aa-3b0e6f8eaa5f.nakama-0",
  "map_id": "Lockdown",
  "player_count": 1,
  "human_count": 2,
  "bot_count": 0,
  "duration_ms": 1770706400,
  "events": [
    {
      "user_id": "77f3a15f-815a-47c0-9cf2-337e9c8946b1",
      "player_type": "human",
      "event": "Position",
      "x": 232.17245483398438,
      "z": 105.71814727783203,
      "y": 41.605350494384766,
      "ts": 1770706328,
      "pixel_x": 749,
      "pixel_y": 403
    },
    {
      "user_id": "77f3a15f-815a-47c0-9cf2-337e9c8946b1",
      "player_type": "human",
      "event": "BotKilled",
      "x": 222.08815002441406,
      "z": 91.23902893066406,
      "y": 41.46566390991211,
      "ts": 1770706400,
      "pixel_x": 739,
      "pixel_y": 418
    }
  ]
}