{
  "match_id": "e861bfa5-6ade-45df-8868-9032d8542de1.nakama-0",
  "map_id": "Lockdown",
  "player_count": 1,
  "human_count": 3,
  "bot_count": 0,
  "duration_ms": 1770878095,
  "events": [
    {
      "user_id": "b5b5b6be-cfad-40a2-acbf-413d60ac3a80",
      "player_type": "human",
      "event": "Position",
      "x": -175.02528381347656,
      "z": -254.9530029296875,
      "y": 46.38706970214844,
      "ts": 1770877952,
      "pixel_x": 332,
      "pixel_y": 773
    },
    {
      "user_id": "b5b5b6be-cfad-40a2-acbf-413d60ac3a80",
      "player_type": "human",
      "event": "Loot",
      "x": -174.86065673828125,
      "z": -119.65760040283203,
      "y": 59.65802764892578,
      "ts": 1770878094,
      "pixel_x": 332,
      "pixel_y": 634
    },
    {
      "user_id": "b5b5b6be-cfad-40a2-acbf-413d60ac3a80",
      "player_type": "human",
      "event": "Loot",
      "x": -174.86065673828125,
      "z": -119.65760040283203,
      "y": 59.65802764892578,
      "ts": 1770878095,
      "pixel_x": 332,
      "pixel_y": 634
    }
  ]
}