{
  "match_id": "7bea130e-a7a4-4469-827c-08a21c5d0af9.nakama-0",
  "map_id": "Lockdown",
  "player_count": 1,
  "human_count": 1,
  "bot_count": 0,
  "duration_ms": 1770756812,
  "events": [
    {
      "user_id": "b3340cc5-c9fa-4108-b56d-0728bc978a22",
      "player_type": "human",
      "event": "BotKilled",
      "x": -63.52704620361328,
      "z": 53.324058532714844,
      "y": 44.376808166503906,
      "ts": 1770756812,
      "pixel_x": 446,
      "pixel_y": 457
    }
  ]
}