{
  "match_id": "a7a60c42-249b-4fab-855c-7c0a969b5f76.nakama-0",
  "map_id": "Lockdown",
  "player_count": 1,
  "human_count": 1,
  "bot_count": 0,
  "duration_ms": 1771007598,
  "events": [
    {
      "user_id": "b7144326-8fb1-4b46-9f64-cb4789961e6e",
      "player_type": "human",
      "event": "BotKilled",
      "x": -229.20938110351562,
      "z": 190.99114990234375,
      "y": 49.075260162353516,
      "ts": 1771007598,
      "pixel_x": 277,
      "pixel_y": 316
    }
  ]
}