{
  "match_id": "0a20a181-247f-41e8-822d-a7d4b004ce21.nakama-0",
  "map_id": "Lockdown",
  "player_count": 1,
  "human_count": 1,
  "bot_count": 0,
  "duration_ms": 1770978421,
  "events": [
    {
      "user_id": "b3340cc5-c9fa-4108-b56d-0728bc978a22",
      "player_type": "human",
      "event": "BotKilled",
      "x": -235.3236083984375,
      "z": 188.3478240966797,
      "y": 49.075260162353516,
      "ts": 1770978421,
      "pixel_x": 271,
      "pixel_y": 319
    }
  ]
}