{
  "match_id": "82d3bf1c-4511-4c34-b4c4-e38e0f79df7b.nakama-0",
  "map_id": "Lockdown",
  "player_count": 1,
  "human_count": 1,
  "bot_count": 0,
  "duration_ms": 1770889451,
  "events": [
    {
      "user_id": "b3340cc5-c9fa-4108-b56d-0728bc978a22",
      "player_type": "human",
      "event": "BotKilled",
      "x": -56.71015167236328,
      "z": 69.54885864257812,
      "y": 44.14999008178711,
      "ts": 1770889451,
      "pixel_x": 453,
      "pixel_y": 440
    }
  ]
}