{
  "match_id": "a822d728-f7a0-4686-a11d-cab48180112c.nakama-0",
  "map_id": "GrandRift",
  "player_count": 1,
  "human_count": 2,
  "bot_count": 0,
  "duration_ms": 1771041104,
  "events": [
    {
      "user_id": "b15bb032-6782-441a-9bd8-b42d446220cd",
      "player_type": "human",
      "event": "Position",
      "x": -31.697158813476562,
      "z": -72.67792510986328,
      "y": 9.10949993133545,
      "ts": 1771041085,
      "pixel_x": 455,
      "pixel_y": 640
    },
    {
      "user_id": "b15bb032-6782-441a-9bd8-b42d446220cd",
      "player_type": "human",
      "event": "BotKilled",
      "x": -15.932283401489258,
      "z": -66.41829681396484,
      "y": 9.105116844177246,
      "ts": 1771041104,
      "pixel_x": 483,
      "pixel_y": 629
    }
  ]
}