{
  "match_id": "61ab41cd-4e48-4626-91a2-a90c81fdb179.nakama-0",
  "map_id": "AmbroseValley",
  "player_count": 1,
  "human_count": 3,
  "bot_count": 0,
  "duration_ms": 1770789911,
  "events": [
    {
      "user_id": "a3875fa9-8cc1-434a-a47c-49ff41811f35",
      "player_type": "human",
      "event": "Position",
      "x": 7.360509395599365,
      "z": 242.85658264160156,
      "y": 109.79673767089844,
      "ts": 1770789857,
      "pixel_x": 429,
      "pixel_y": 209
    },
    {
      "user_id": "a3875fa9-8cc1-434a-a47c-49ff41811f35",
      "player_type": "human",
      "event": "Loot",
      "x": 26.82931900024414,
      "z": 234.49505615234375,
      "y": 109.84017944335938,
      "ts": 1770789873,
      "pixel_x": 451,
      "pixel_y": 219
    },
    {
      "user_id": "a3875fa9-8cc1-434a-a47c-49ff41811f35",
      "player_type": "human",
      "event": "BotKilled",
      "x": 31.912092208862305,
      "z": 234.84298706054688,
      "y": 109.84017944335938,
      "ts": 1770789911,
      "pixel_x": 457,
      "pixel_y": 218
    }
  ]
}