{
  "match_id": "85f53074-77ee-4b30-b5e4-68fe107e054f.nakama-0",
  "map_id": "AmbroseValley",
  "player_count": 1,
  "human_count": 1,
  "bot_count": 0,
  "duration_ms": 1770728052,
  "events": [
    {
      "user_id": "94d042cb-a0f2-45f3-bdca-42fab73cfef5",
      "player_type": "human",
      "event": "BotKilled",
      "x": -104.2814712524414,
      "z": -365.6881103515625,
      "y": 127.53265380859375,
      "ts": 1770728052,
      "pixel_x": 302,
      "pixel_y": 901
    }
  ]
}