{
  "match_id": "771d51ad-561d-4350-9aa0-c6cbb86a11ce.nakama-0",
  "map_id": "AmbroseValley",
  "player_count": 1,
  "human_count": 2,
  "bot_count": 0,
  "duration_ms": 1770798348,
  "events": [
    {
      "user_id": "f58bd890-8687-478e-9934-302e79c19ef0",
      "player_type": "human",
      "event": "Loot",
      "x": -160.33229064941406,
      "z": 296.189453125,
      "y": 147.5245819091797,
      "ts": 1770798261,
      "pixel_x": 238,
      "pixel_y": 148
    },
    {
      "user_id": "f58bd890-8687-478e-9934-302e79c19ef0",
      "player_type": "human",
      "event": "BotKilled",
      "x": 37.61506652832031,
      "z": 213.07818603515625,
      "y": 109.74244689941406,
      "ts": 1770798348,
      "pixel_x": 463,
      "pixel_y": 243
    }
  ]
}