{
  "match_id": "03ecb8d2-38d1-47ef-b7fc-adbb5744d1a0.nakama-0",
  "map_id": "AmbroseValley",
  "player_count": 1,
  "human_count": 2,
  "bot_count": 0,
  "duration_ms": 1770887361,
  "events": [
    {
      "user_id": "e7ac0138-4d80-4400-9141-461daa6be8ae",
      "player_type": "human",
      "event": "Position",
      "x": -133.1394805908203,
      "z": -69.33948516845703,
      "y": 105.13982391357422,
      "ts": 1770887344,
      "pixel_x": 269,
      "pixel_y": 564
    },
    {
      "user_id": "e7ac0138-4d80-4400-9141-461daa6be8ae",
      "player_type": "human",
      "event": "BotKilled",
      "x": -112.29383087158203,
      "z": -45.918941497802734,
      "y": 104.94548034667969,
      "ts": 1770887361,
      "pixel_x": 293,
      "pixel_y": 538
    }
  ]
}