{
  "match_id": "1a086d35-8489-4312-8d12-b979536ff0c4.nakama-0",
  "map_id": "AmbroseValley",
  "player_count": 1,
  "human_count": 2,
  "bot_count": 0,
  "duration_ms": 1770901873,
  "events": [
    {
      "user_id": "ff436bfe-1b54-4098-a248-4bfbe123f3f1",
      "player_type": "human",
      "event": "Position",
      "x": 139.97610473632812,
      "z": -18.70899772644043,
      "y": 106.95063018798828,
      "ts": 1770901800,
      "pixel_x": 580,
      "pixel_y": 507
    },
    {
      "user_id": "ff436bfe-1b54-4098-a248-4bfbe123f3f1",
      "player_type": "human",
      "event": "BotKilled",
      "x": 120.68240356445312,
      "z": -34.17586898803711,
      "y": 106.70209503173828,
      "ts": 1770901873,
      "pixel_x": 558,
      "pixel_y": 524
    }
  ]
}