{
  "match_id": "7a8c086d-b5f2-4dc5-9c76-3f390a9d3f0d.nakama-0",
  "map_id": "AmbroseValley",
  "player_count": 1,
  "human_count": 2,
  "bot_count": 0,
  "duration_ms": 1770894090,
  "events": [
    {
      "user_id": "86b019b9-dd32-4fe0-baf4-174a1f51fa68",
      "player_type": "human",
      "event": "Loot",
      "x": -227.3848419189453,
      "z": -329.02099609375,
      "y": 123.38399505615234,
      "ts": 1770894053,
      "pixel_x": 162,
      "pixel_y": 860
    },
    {
      "user_id": "86b019b9-dd32-4fe0-baf4-174a1f51fa68",
      "player_type": "human",
      "event": "BotKilled",
      "x": -212.00730895996094,
      "z": -311.9070129394531,
      "y": 123.38399505615234,
      "ts": 1770894090,
      "pixel_x": 179,
      "pixel_y": 840
    }
  ]
}