{
  "match_id": "6c571e07-3c66-422b-9f90-5d8386cf776b.nakama-0",
  "map_id": "AmbroseValley",
  "player_count": 1,
  "human_count": 4,
  "bot_count": 0,
  "duration_ms": 1771069484,
  "events": [
    {
      "user_id": "10648aa3-b215-4c52-9577-5c5689a08939",
      "player_type": "human",
      "event": "Loot",
      "x": 194.80233764648438,
      "z": 201.8770294189453,
      "y": 102.92753601074219,
      "ts": 1771069368,
      "pixel_x": 642,
      "pixel_y": 256
    },
    {
      "user_id": "10648aa3-b215-4c52-9577-5c5689a08939",
      "player_type": "human",
      "event": "Position",
      "x": 178.70245361328125,
      "z": 195.22708129882812,
      "y": 101.82173919677734,
      "ts": 1771069374,
      "pixel_x": 624,
      "pixel_y": 263
    },
    {
      "user_id": "10648aa3-b215-4c52-9577-5c5689a08939",
      "player_type": "human",
      "event": "Loot",
      "x": 117.13350677490234,
      "z": 199.9813232421875,
      "y": 104.45285034179688,
      "ts": 1771069386,
      "pixel_x": 554,
      "pixel_y": 258
    },
    {
      "user_id": "10648aa3-b215-4c52-9577-5c5689a08939",
      "player_type": "human",
      "event": "BotKilled",
      "x": 54.67752456665039,
      "z": 226.0936279296875,
      "y": 109.79950714111328,
      "ts": 1771069484,
      "pixel_x": 483,
      "pixel_y": 228
    }
  ]
}