{
  "match_id": "2dabcfc3-11ea-4f67-80bb-d397bdf1d04c.nakama-0",
  "map_id": "AmbroseValley",
  "player_count": 1,
  "human_count": 4,
  "bot_count": 0,
  "duration_ms": 1770722101,
  "events": [
    {
      "user_id": "24bd210d-3b53-4f06-acf1-a0e0385641b6",
      "player_type": "human",
      "event": "Loot",
      "x": -141.9553680419922,
      "z": -184.7240753173828,
      "y": 101.69574737548828,
      "ts": 1770722021,
      "pixel_x": 259,
      "pixel_y": 696
    },
    {
      "user_id": "24bd210d-3b53-4f06-acf1-a0e0385641b6",
      "player_type": "human",
      "event": "Loot",
      "x": -146.03610229492188,
      "z": -180.39271545410156,
      "y": 101.8134765625,
      "ts": 1770722025,
      "pixel_x": 254,
      "pixel_y": 691
    },
    {
      "user_id": "24bd210d-3b53-4f06-acf1-a0e0385641b6",
      "player_type": "human",
      "event": "Position",
      "x": -112.78329467773438,
      "z": -85.69364166259766,
      "y": 108.18524932861328,
      "ts": 1770722072,
      "pixel_x": 292,
      "pixel_y": 583
    },
    {
      "user_id": "24bd210d-3b53-4f06-acf1-a0e0385641b6",
      "player_type": "human",
      "event": "BotKilled",
      "x": -62.2866096496582,
      "z": -71.50678253173828,
      "y": 107.58454132080078,
      "ts": 1770722101,
      "pixel_x": 350,
      "pixel_y": 567
    }
  ]
}