{
  "match_id": "59c15157-a3fa-4e94-8195-8c135a8eccf1.nakama-0",
  "map_id": "AmbroseValley",
  "player_count": 1,
  "human_count": 2,
  "bot_count": 0,
  "duration_ms": 1770765605,
  "events": [
    {
      "user_id": "cfa03e9f-81f6-41ef-a0fa-30c7e830f4ed",
      "player_type": "human",
      "event": "Position",
      "x": -115.3484115600586,
      "z": -40.17628860473633,
      "y": 104.94780731201172,
      "ts": 1770765604,
      "pixel_x": 289,
      "pixel_y": 531
    },
    {
      "user_id": "cfa03e9f-81f6-41ef-a0fa-30c7e830f4ed",
      "player_type": "human",
      "event": "BotKilled",
      "x": -117.3331527709961,
      "z": -40.26344299316406,
      "y": 104.94780731201172,
      "ts": 1770765605,
      "pixel_x": 287,
      "pixel_y": 531
    }
  ]
}