{
  "match_id": "3598f8d8-be70-45f5-a93a-ef9f3aab744d.nakama-0",
  "map_id": "AmbroseValley",
  "player_count": 1,
  "human_count": 2,
  "bot_count": 0,
  "duration_ms": 1770774860,
  "events": [
    {
      "user_id": "44b2f1c7-9c57-41ba-9567-5c9405d43c43",
      "player_type": "human",
      "event": "Position",
      "x": -137.48922729492188,
      "z": -167.08804321289062,
      "y": 104.40556335449219,
      "ts": 1770774809,
      "pixel_x": 264,
      "pixel_y": 675
    },
    {
      "user_id": "44b2f1c7-9c57-41ba-9567-5c9405d43c43",
      "player_type": "human",
      "event": "BotKilled",
      "x": -120.62773895263672,
      "z": -150.3027801513672,
      "y": 108.4727783203125,
      "ts": 1770774860,
      "pixel_x": 283,
      "pixel_y": 656
    }
  ]
}