{
  "match_id": "fa40a54c-10f9-483c-b547-e0b4d0d407de.nakama-0",
  "map_id": "AmbroseValley",
  "player_count": 1,
  "human_count": 1,
  "bot_count": 0,
  "duration_ms": 1770737693,
  "events": [
    {
      "user_id": "09009296-eb20-4df3-9350-6de46132ff74",
      "player_type": "human",
      "event": "BotKilled",
      "x": 4.9150896072387695,
      "z": 3.7854292392730713,
      "y": 106.1256103515625,
      "ts": 1770737693,
      "pixel_x": 426,
      "pixel_y": 481
    }
  ]
}