{
  "match_id": "6c413d42-0741-4a4b-8eb7-d703b4a82ab1.nakama-0",
  "map_id": "AmbroseValley",
  "player_count": 1,
  "human_count": 3,
  "bot_count": 0,
  "duration_ms": 1770690059,
  "events": [
    {
      "user_id": "a652b350-721a-448a-918f-6c2ba67d0bfe",
      "player_type": "human",
      "event": "Position",
      "x": -103.51103210449219,
      "z": -369.1705017089844,
      "y": 127.53265380859375,
      "ts": 1770689986,
      "pixel_x": 303,
      "pixel_y": 905
    },
    {
      "user_id": "a652b350-721a-448a-918f-6c2ba67d0bfe",
      "player_type": "human",
      "event": "Position",
      "x": -25.221881866455078,
      "z": -307.4420166015625,
      "y": 128.5421905517578,
      "ts": 1770690026,
      "pixel_x": 392,
      "pixel_y": 835
    },
    {
      "user_id": "a652b350-721a-448a-918f-6c2ba67d0bfe",
      "player_type": "human",
      "event": "BotKilled",
      "x": 51.55646514892578,
      "z": -288.3935852050781,
      "y": 124.978515625,
      "ts": 1770690059,
      "pixel_x": 479,
      "pixel_y": 813
    }
  ]
}